1379;1;2;5;23;45;11
1380;1;4;37;45;46;16
1381;6;12;26;36;38;27
1382;17;25;36;38;40;15
1383;1;3;26;40;44;26
1384;8;23;38;40;41;23
1385;8;11;19;26;28;16
1386;23;30;34;43;46;13
1387;13;23;26;39;41;14
1388;24;27;28;42;46;18
1389;4;12;16;27;41;1
1390;12;13;35;44;47;17
1391;6;9;31;39;44;24
1392;14;19;33;41;44;9
1393;5;16;20;21;44;17
1394;6;8;9;14;47;20
1395;2;16;22;31;34;10
1396;11;17;34;36;47;1
1397;16;32;38;43;46;8
1398;6;7;10;20;42;13
1399;2;6;10;27;32;9
1400;5;7;10;12;19;15
1401;4;30;36;43;45;15
1402;4;6;11;29;32;11
1403;26;35;37;39;45;6
1404;9;13;16;22;35;23
1405;2;6;25;30;46;18
1406;14;15;39;46;47;21
1407;1;5;6;9;33;22
1408;2;5;14;15;34;2
1409;4;6;7;15;36;7
1410;8;14;28;31;33;7
1411;5;7;16;19;29;26
1412;3;10;20;28;37;20
1413;2;4;24;30;38;24
1414;2;14;15;36;45;8
1415;1;14;21;33;46;9
1416;3;16;26;27;32;24
1417;3;20;27;34;47;15
1418;7;15;17;30;44;13
1419;5;24;34;35;47;22
1420;9;24;25;29;40;4
1421;6;9;15;24;32;9
1422;8;16;17;39;40;18
1423;7;12;24;26;34;23
1424;5;7;14;19;25;4
1425;31;34;36;37;47;26
1426;3;21;32;36;44;4
1427;2;19;24;26;43;11
1428;11;22;36;42;46;4
1429;12;15;16;29;39;23
1430;21;38;42;44;46;24
1431;6;9;10;11;26;22
1432;5;30;38;41;46;15
1433;6;11;13;18;27;19
1434;26;27;32;44;45;27
1435;2;7;28;30;38;6
1436;3;4;29;30;35;13
1437;3;14;15;19;45;19
1438;2;12;15;24;43;9
1439;9;14;22;25;38;25
1440;16;23;27;28;39;19
1441;3;5;15;32;42;4
1442;1;3;25;30;35;24
1443;8;23;25;26;35;13
1444;11;12;16;29;38;4
1445;19;30;34;41;44;9
1446;6;17;24;36;41;1
1447;4;36;37;42;43;1
1448;3;16;20;25;45;19
1449;20;23;31;33;46;25
1450;3;8;23;29;44;1
1451;1;3;5;41;46;9
1452;1;8;19;33;34;23
1453;8;17;29;32;45;11
1454;12;24;25;28;30;16
1455;9;11;12;20;22;23
1456;1;6;15;20;30;17
1457;3;10;13;33;35;18
1458;1;4;19;43;46;15
1459;4;6;19;20;40;10
1460;16;22;30;37;47;22
1461;13;24;25;33;43;16
1462;2;4;25;39;42;4
1463;5;7;28;30;31;8
1464;11;12;15;19;29;25
1465;2;12;14;35;37;13
1466;1;7;12;25;33;3
1467;1;14;19;21;43;8
1468;8;14;27;32;40;23
1469;6;10;23;30;33;13
1470;5;12;13;36;47;9
1471;4;14;17;30;34;23
1472;10;14;34;43;44;14
1473;1;3;6;9;19;14
1474;23;28;34;36;45;9
1475;7;12;32;39;43;8
1476;3;10;18;22;30;26
1477;12;13;22;32;38;21
1478;7;19;31;44;45;9
1479;2;13;16;41;45;20
1480;1;6;18;33;36;2
1481;9;13;26;32;47;6
1482;2;5;19;29;42;17
1483;2;8;31;32;46;13
1484;3;22;43;44;45;8
1485;1;5;15;37;45;16
1486;11;21;30;41;46;16
1487;6;16;32;33;47;1
1488;9;18;36;38;47;14
1489;1;8;35;39;44;16
1490;5;19;31;35;44;12
1491;5;26;32;33;37;5
1492;15;20;24;27;43;20
1493;6;32;34;39;46;18
1494;5;13;34;36;46;2
1495;12;22;29;37;43;7
1496;2;9;12;30;44;18
1497;3;5;16;19;39;14
1498;14;16;20;41;45;24
1499;1;18;20;45;46;5
1500;24;26;29;35;38;23
1501;26;28;34;37;43;23
1502;3;4;20;40;45;26
1503;5;16;22;26;33;22
1504;16;21;34;41;47;17
1505;26;27;31;43;45;3
1506;10;11;33;39;40;25
1507;3;9;13;24;30;12
1508;1;4;37;38;41;15
1509;2;14;24;44;46;10
1510;4;16;28;35;41;17
1511;3;14;24;26;47;6
1512;5;9;27;38;46;8
1513;4;38;39;40;44;17
1514;4;16;26;32;35;2
1515;8;11;29;43;44;10
1516;15;18;28;36;43;6
1517;5;8;11;21;40;17
1518;15;29;30;46;47;24
1519;23;32;38;41;42;27
1520;9;10;27;28;41;14
1521;14;28;29;31;42;3
1522;24;32;33;36;45;18
1523;9;32;34;43;46;22
1524;14;19;34;37;42;26
1525;4;14;30;38;40;19
1526;4;14;29;31;46;1
1527;14;15;28;39;47;22
1528;23;24;30;36;37;20
1529;2;18;36;43;45;16
1530;10;16;20;43;45;20
1531;19;20;26;34;46;22
1532;3;10;29;30;37;20
1533;3;15;24;30;46;8
1534;4;25;29;36;44;18
1535;10;16;24;32;37;22
1536;3;9;18;26;33;9
1537;3;9;15;26;39;6
1538;10;12;20;28;42;1
1539;3;4;12;17;39;3
1540;23;28;29;38;39;11
1541;7;10;28;29;30;21
1542;20;24;27;28;47;15
1543;16;19;20;28;46;24
1544;1;7;24;44;45;23
1545;1;14;23;24;43;3
1546;1;21;29;35;47;16
1547;1;21;30;33;45;21
1548;13;17;20;41;46;2
1549;3;32;36;42;46;24
1550;8;22;28;37;43;6
1551;1;4;19;28;46;4
1552;6;11;31;32;39;20
1553;11;17;40;46;47;25
1554;6;27;38;39;41;27
1555;13;26;29;37;42;7
1556;13;28;34;43;44;11
1557;2;3;10;27;46;16
1558;22;24;25;26;46;19
1559;1;10;28;30;34;10
1560;2;8;25;42;46;8
1561;11;14;32;33;45;9
1562;5;12;33;41;46;27
1563;8;12;13;30;44;8
1564;18;28;33;39;42;12
1565;5;14;20;25;36;1
1566;17;24;34;38;43;21
1567;9;12;17;24;45;17
1568;8;13;17;19;37;25
1569;4;8;11;13;44;9
1570;3;10;24;29;30;22
1571;1;15;27;28;30;16
1572;5;14;32;40;43;11
1573;39;40;45;46;47;11
1574;9;10;25;26;40;8
1575;5;21;24;33;45;22
1576;4;14;28;40;45;24
1577;2;7;21;30;35;22
1578;1;2;4;16;34;10
1579;7;9;17;35;47;9
1580;1;5;9;30;39;11
1581;1;4;15;30;34;23
1582;7;23;25;33;35;15
1583;4;6;23;44;45;1
1584;26;38;40;41;42;11
1585;2;7;33;35;40;4
1586;2;11;14;33;35;15
1587;8;10;14;17;46;8
1588;7;25;27;40;45;14
1589;4;8;16;26;33;21
1590;4;5;18;23;36;13
1591;7;14;15;26;36;13
1592;8;10;16;21;27;16
1593;5;11;27;28;39;20
1594;3;13;17;27;39;20
1595;16;24;26;30;44;10
1596;15;18;27;31;34;21
1597;2;18;32;44;45;3
1598;3;11;20;42;45;3
1599;2;4;31;32;46;21
1600;11;20;23;35;37;26
1601;5;16;25;34;44;3
1602;10;29;32;41;43;11
1603;6;12;18;24;25;5
1604;1;3;4;11;19;1
1605;6;10;19;38;43;21
1606;6;9;17;27;35;24
1607;12;15;16;24;46;12
1608;5;6;8;18;24;7
1609;13;14;32;34;47;13
1610;9;15;16;36;46;16
1611;3;5;20;29;41;26
1612;16;20;30;43;46;22
1613;10;18;23;27;41;22
1614;8;32;37;38;43;25
1615;13;17;22;24;42;19
1616;6;21;34;35;40;7
1617;4;16;19;27;36;7
1618;4;12;14;28;42;7
1619;5;18;21;33;39;11
1620;2;3;14;18;24;23
1621;8;11;15;25;37;27
1622;7;8;20;22;29;10
1623;17;22;24;25;38;18
1624;9;13;38;42;47;26
1625;3;11;25;35;38;18
1626;6;9;32;43;44;23
1627;2;5;17;22;43;10
1628;2;13;21;22;28;9
1629;2;11;27;36;43;9
1630;1;8;16;29;47;27
1631;7;10;21;41;47;4
1632;6;8;13;27;45;14
1633;5;8;13;20;46;3
1634;9;25;28;39;47;1
1635;8;24;29;36;41;13
1636;8;19;32;39;45;8
1637;3;17;29;32;35;14
1638;9;22;24;30;47;13
1639;9;18;31;39;43;20
1640;21;29;32;33;38;2
1641;11;22;30;41;45;1
1642;7;9;16;24;36;5
1643;13;15;20;32;33;10
1644;9;23;28;41;47;7
1645;14;16;21;38;41;14
1646;6;21;22;40;45;10
1647;8;17;29;35;44;1
1648;8;18;19;24;32;20
1649;7;9;18;23;45;12
1650;2;4;5;20;47;26
1651;4;6;21;36;46;11
1652;23;28;32;41;47;26
1653;5;14;26;30;33;5
1654;6;10;37;38;42;4
1655;12;26;27;38;43;18
1656;14;15;20;35;44;26
1657;1;5;9;29;38;25
1658;15;24;26;32;37;18
1659;13;23;37;38;40;9
1660;8;12;23;25;26;1
1661;3;5;8;24;39;19
1662;13;15;17;29;38;2
1663;4;5;12;18;37;23
1664;11;33;38;42;46;26
1665;9;17;22;30;36;13
1666;3;4;20;33;44;24
1667;10;11;12;19;44;20
1668;2;4;16;31;43;11
1669;2;6;7;8;15;14
1670;4;13;21;35;38;16
1671;8;14;25;27;46;14
1672;1;2;6;27;34;23
1673;12;14;18;31;46;7
1674;16;21;26;32;36;20
1675;21;33;37;44;45;22
1676;1;9;29;31;35;3
1677;9;12;21;26;36;27
1678;17;19;24;35;42;20
1679;21;26;28;35;46;13
1680;17;20;29;38;40;4
1681;2;7;20;42;45;26
1682;4;11;12;15;36;10
1683;13;14;31;42;43;6
1684;6;18;26;28;46;17
1685;4;5;34;38;42;23
1686;5;21;23;27;38;24
1687;2;5;35;43;47;12
1688;2;3;8;23;36;9
1689;4;7;9;19;31;6
1690;19;20;22;41;45;18
1691;33;36;41;42;43;14
1692;8;11;29;40;42;6
1693;9;17;22;25;28;10
1694;1;5;11;13;18;22
1695;4;9;13;38;44;13
1696;14;16;21;30;34;10
1697;2;5;20;23;46;15
1698;18;23;25;37;44;25
1699;31;35;36;42;44;24
1700;8;18;24;38;42;22
1701;19;20;23;26;34;12
1702;7;18;21;22;45;9
1703;6;12;25;26;42;7
1704;6;20;30;35;46;20
1705;20;26;32;34;35;24
1706;12;19;22;31;34;7
1707;2;19;24;31;33;19
1708;3;15;26;27;29;23
1709;6;7;24;31;47;10
1710;8;18;28;41;42;21
1711;6;13;21;40;47;9
1712;3;25;28;46;47;12
1713;1;16;25;27;32;12
1714;16;20;28;31;41;19
1715;7;20;27;34;43;6
1716;1;3;15;35;36;23
1717;4;7;26;38;47;23
1718;7;25;27;40;44;17
1719;10;21;24;32;33;9
1720;4;13;26;31;46;26
1721;5;18;23;24;31;13
1722;9;15;18;37;41;14
1723;3;5;34;35;38;11
1724;1;2;7;28;45;18
1725;8;14;16;24;33;8
1726;2;5;18;25;41;2
1727;6;9;17;29;32;12
1728;7;18;32;43;47;10
1729;14;28;35;39;43;14
1730;15;18;20;29;41;8
1731;2;16;28;33;34;27
1732;5;13;21;35;46;5
1733;7;11;21;25;35;1
1734;1;6;28;29;38;24
1735;4;11;13;16;26;20
1736;5;12;13;25;28;15
1737;1;11;17;19;31;10
1738;17;18;22;39;42;1
1739;3;18;30;32;35;23
1740;1;12;20;38;46;5
1741;17;20;25;37;43;11
1742;6;20;26;36;46;27
1743;4;18;24;33;35;27
1744;6;21;22;35;38;20
1745;9;10;19;30;41;24
1746;12;14;17;34;47;26
1747;10;12;18;23;30;2
1748;5;9;13;16;21;4
1749;9;28;32;40;42;2
1750;3;6;23;28;30;19
1751;1;2;4;34;36;22
1752;1;3;6;16;36;19
1753;6;7;13;15;33;12
1754;3;9;25;33;38;18
1755;11;14;20;26;47;26
1756;33;35;36;45;47;13
1757;3;9;20;26;42;23
1758;7;9;12;24;35;12
1759;10;22;24;28;41;5
1760;21;22;31;36;45;10
1761;16;25;26;29;33;1
1762;9;13;19;20;21;9
1763;18;22;27;28;29;2
1764;13;28;43;44;45;15
1765;2;17;29;44;47;5
1766;3;7;9;29;40;11
1767;4;20;23;29;41;5
1768;11;23;30;35;40;18
1769;1;3;22;36;44;18
1770;8;22;30;33;38;20
1771;17;21;30;36;44;20
1772;6;9;24;40;42;26
1773;10;36;39;44;47;14
1774;12;13;14;17;47;20
1775;23;35;40;45;47;3
1776;13;22;23;29;47;11
1777;1;6;19;45;46;27
1778;13;15;32;33;42;5
1779;9;13;26;31;36;17
1780;6;10;22;36;43;20
1781;1;14;22;34;44;15
1782;3;20;27;34;37;11
1783;12;22;25;42;45;4
1784;1;5;11;28;38;5
1785;3;11;13;16;33;11
1786;34;35;38;39;45;26
1787;3;7;11;17;43;20
1788;5;7;31;36;44;2
1789;12;20;33;38;42;6
1790;11;21;32;40;47;25
1791;3;14;22;35;43;15
1792;3;11;16;42;46;5
1793;2;13;15;21;46;4
1794;4;18;29;31;38;20
1795;21;28;30;33;35;6
1796;15;21;23;27;37;11
1797;8;12;13;14;18;18
1798;6;29;30;41;43;15
1799;5;23;34;45;47;4
1800;1;7;9;24;32;15
1801;13;14;19;21;30;15
1802;2;6;13;25;47;12
1803;7;29;40;44;46;2
1804;7;11;20;30;35;4
1805;12;14;40;41;43;12
1806;9;15;26;30;43;20
1807;5;12;17;34;39;5
1808;3;33;37;42;45;17
1809;1;24;27;35;43;12
1810;8;11;16;22;46;16
1811;2;13;32;34;35;20
1812;9;23;26;28;47;13
1813;4;23;26;28;39;5
1814;11;16;19;20;34;18
1815;2;12;14;30;44;17
1816;17;18;28;33;39;19
1817;5;9;29;36;41;13
1818;6;14;22;25;31;7
1819;7;10;29;35;40;21
1820;8;11;15;29;36;14
1821;7;22;28;30;37;11
1822;11;22;24;31;39;22
1823;16;18;23;34;45;14
1824;16;26;33;35;45;6
1825;20;22;28;42;46;14
1826;7;13;16;37;38;14
1827;9;18;31;42;45;26
1828;9;17;21;35;45;6
1829;8;11;20;22;45;18
1830;1;28;29;40;43;20
1831;1;10;31;45;47;17
1832;15;17;23;33;45;15
1833;10;14;30;38;42;22
1834;1;16;29;35;41;9
1835;2;14;35;37;47;7
1836;18;22;26;38;40;9
1837;4;5;28;34;38;9
1838;5;10;11;14;32;6
1839;16;23;36;44;47;10
1840;2;8;22;39;44;16
1841;1;3;12;28;47;9
1842;2;21;23;36;45;9
1843;4;5;9;20;34;23
1844;1;15;30;39;47;19
1845;1;6;14;33;36;10
1846;1;5;13;18;42;12
1847;1;7;10;28;40;2
1848;19;21;24;35;41;21
1849;18;20;32;34;44;12
1850;6;10;26;30;34;26
1851;1;5;6;17;43;5
1852;25;34;35;41;42;18
1853;9;11;32;41;42;2
1854;12;15;23;32;37;18
1855;3;17;20;28;44;21
1856;3;7;29;30;41;10
1857;2;9;27;30;45;13
1858;5;10;20;36;38;4
1859;2;3;27;28;46;24
1860;10;19;30;41;45;9
1861;2;9;13;20;44;27
1862;11;29;30;34;43;13
1863;5;6;7;17;23;23
1864;21;30;31;37;39;5
1865;7;12;16;26;40;21
1866;2;5;20;22;47;11
1867;4;10;15;23;39;26
1868;7;9;23;30;40;5
1869;8;10;19;21;30;27
1870;19;26;33;38;46;1
1871;1;12;30;38;40;2
1872;6;7;17;38;46;4
1873;1;2;6;38;41;27
1874;10;16;27;41;43;21
1875;9;23;26;31;36;10
1876;3;11;18;41;43;6
1877;1;22;25;36;43;17
1878;8;13;16;19;43;6
1879;21;22;26;29;39;16
1880;12;15;17;19;44;18
1881;34;38;42;43;45;19
1882;2;19;21;23;43;2
1883;7;13;15;28;31;9
1884;10;11;16;22;29;25
1885;4;6;17;29;31;8
1886;11;15;28;36;37;15
1887;7;16;20;44;45;18
1888;12;14;19;43;47;19
1889;2;5;21;25;38;11
1890;15;16;40;42;43;16
1891;12;16;25;31;45;20
1892;3;8;17;18;22;2
1893;4;15;23;26;47;23
1894;5;19;35;38;46;13
1895;2;8;22;29;47;22
1896;14;15;39;42;45;11
1897;21;24;34;40;45;26
1898;2;7;20;39;42;5
1899;34;40;42;44;45;12
1900;5;25;28;36;42;8
1901;4;6;7;34;39;9
1902;18;25;27;31;33;19
1903;13;23;25;30;44;10
1904;8;9;21;31;33;11
1905;1;5;6;18;35;15
1906;21;23;26;27;35;12
1907;6;8;13;30;32;9
1908;13;17;22;31;40;6
1909;13;24;35;37;40;20
1910;14;15;22;29;36;5
1911;5;8;17;21;35;21
1912;1;3;20;34;45;27
1913;3;12;31;39;47;7
1914;12;29;32;35;43;1
1915;1;13;21;32;41;7
1916;17;25;42;44;45;24
1917;16;19;21;31;42;9
1918;3;8;16;22;35;17
1919;16;21;27;38;40;23
1920;7;18;20;22;42;9
1921;2;8;13;23;27;15
1922;11;15;18;35;46;18
1923;11;24;25;26;41;17
1924;5;11;12;19;39;10
1925;5;13;22;35;40;20
1926;7;10;25;28;31;23
1927;3;30;34;37;41;18
1928;7;13;23;28;33;2
1929;2;17;28;37;45;5
1930;2;19;33;35;40;8
1931;8;13;19;22;40;17
1932;13;27;36;43;44;7
1933;2;25;33;39;44;11
1934;8;30;39;42;46;8
1935;10;12;30;34;39;19
1936;12;18;36;39;45;5
1937;9;10;23;33;34;22
1938;1;11;16;29;39;13
1939;5;13;34;40;46;6
1940;3;14;15;27;41;17
1941;5;7;21;30;34;24
1942;4;10;11;12;32;13
1943;13;15;22;30;38;20
1944;4;5;15;32;42;2
1945;5;7;11;24;38;19
1946;4;17;43;44;47;21
1947;7;16;19;32;36;24
1948;12;19;26;30;45;6
1949;4;5;6;31;44;21
1950;34;38;40;44;46;18
1951;3;15;23;32;39;27
1952;8;10;23;36;47;20
1953;24;30;34;37;43;27
1954;7;22;23;26;40;25
1955;3;4;20;39;40;3
1956;20;28;38;42;43;27
1957;5;15;19;20;35;20
1958;5;17;29;32;39;3
1959;6;24;25;36;43;17
1960;4;23;25;36;46;13
1961;4;7;10;16;17;24
1962;2;17;33;41;43;5
1963;7;14;20;21;47;24
1964;3;9;13;27;33;13
1965;20;24;25;27;44;6
1966;1;3;4;21;25;3
1967;2;3;6;9;35;1
1968;4;12;20;32;36;10
1969;8;10;18;31;36;15
1970;10;13;27;43;46;23
1971;10;16;21;25;34;1
1972;6;21;36;39;46;3
1973;3;16;22;31;42;18
1974;4;8;9;21;29;12
1975;3;16;20;30;34;13
1976;3;11;21;29;46;5
1977;2;10;15;27;41;2
1978;4;20;34;35;44;22
1979;1;2;4;6;35;17
1980;4;21;27;34;38;25
1981;7;21;27;32;41;3
1982;14;19;26;36;40;20
1983;11;27;34;39;43;21
1984;24;29;31;34;46;26
1985;7;31;32;36;41;18
1986;5;13;15;20;45;8
1987;12;19;23;34;47;19
1988;1;13;15;18;31;15
1989;13;24;31;33;39;27
1990;7;12;21;43;46;16
1991;2;9;11;27;28;27
1992;6;20;27;37;43;22
1993;5;6;42;44;45;15
1994;3;8;28;40;42;11
1995;7;26;27;35;38;14
1996;15;23;28;38;40;18
1997;7;15;22;41;45;11
1998;9;14;20;24;30;26
1999;9;15;23;39;44;2
2000;7;10;17;19;29;20
2001;1;11;14;30;31;12
2002;7;19;20;31;42;13
2003;9;12;36;38;41;5
2004;6;9;10;22;25;4
2005;15;22;26;27;37;23
2006;4;20;36;41;44;13
2007;4;10;15;17;29;22
2008;1;17;19;32;43;25
2009;2;9;12;20;34;16
2010;21;31;37;41;47;11
2011;9;16;20;32;45;8
2012;15;27;33;34;44;20
2013;9;15;22;36;44;13
2014;13;18;21;46;47;23
2015;2;10;13;18;20;21
2016;1;16;28;32;45;3
2017;1;2;8;16;32;10
2018;6;19;23;35;40;20
2019;7;10;13;19;35;12
2020;10;12;34;37;47;8
2021;6;10;26;32;37;3
2022;7;23;25;34;41;27
2023;11;14;23;28;43;18
2024;5;10;24;26;38;23
2025;15;19;27;31;34;2
2026;11;15;22;42;46;6
2027;24;41;43;44;46;22
2028;7;10;11;12;25;15
2029;9;10;23;26;37;27
2030;17;24;30;31;36;12
2031;3;22;24;32;39;22
2032;10;14;39;42;46;1
2033;10;16;21;28;29;3
2034;15;20;22;27;47;18
2035;12;15;32;43;45;11
2036;5;15;21;29;44;4
2037;1;4;20;29;30;17
2038;5;12;13;35;47;14
2039;7;15;23;27;44;19
2040;6;10;11;27;28;4
2041;6;11;30;39;46;16
2042;7;14;27;35;40;15
2043;9;10;19;25;43;12
2044;13;26;29;31;33;9
2045;10;13;21;30;46;6
2046;12;20;25;35;43;17
2047;18;20;32;34;40;7
2048;10;25;26;35;45;23
2049;2;14;30;40;44;10
2050;6;9;18;20;37;10
2051;11;12;21;30;40;10
2052;2;17;19;30;39;12
2053;1;4;17;36;42;24
2054;4;6;7;17;23;16
2055;7;12;20;25;33;7
2056;10;14;40;42;47;21
2057;6;12;21;26;36;10
2058;6;17;18;30;46;2
2059;1;21;30;39;40;4
2060;4;13;26;27;47;21
2061;8;15;31;42;46;6
2062;8;27;28;33;40;15
2063;6;10;20;42;45;21
2064;7;16;18;29;46;19
2065;22;24;31;33;40;22
2066;18;19;34;38;42;17
2067;3;10;33;36;43;10
2068;11;13;18;21;36;16
2069;7;14;17;18;32;21
2070;7;21;32;37;46;25
2071;18;20;31;32;33;4
2072;24;26;30;32;45;26
2073;12;15;37;39;47;5
2074;1;21;39;45;46;9
2075;31;32;36;39;46;18
2076;13;19;24;28;37;26
2077;3;9;13;26;42;2
2078;1;15;21;28;34;14
2079;5;25;26;39;41;25
2080;3;6;8;17;32;2
2081;4;15;17;20;35;23
2082;6;17;27;36;41;3
2083;10;15;23;30;38;3
2084;9;16;29;43;46;14
2085;8;11;26;36;41;25
2086;3;7;18;33;40;2
2087;17;18;22;26;35;10
2088;6;15;25;39;47;17
2089;5;13;19;27;33;19
2090;4;27;29;34;38;16
2091;2;5;14;34;36;9
2092;2;12;20;36;46;15
2093;13;14;26;36;40;2
2094;6;14;16;24;41;10
2095;3;5;12;20;24;6
2096;1;16;18;34;38;17
2097;16;17;24;25;46;10
2098;7;9;24;38;42;16
2099;5;8;24;33;44;5
2100;2;17;25;39;43;8
2101;4;15;20;32;40;2
2102;1;3;17;25;44;17
2103;4;21;26;35;37;24
2104;11;17;18;27;43;18
2105;8;16;17;27;31;6
2106;17;23;28;33;45;20
2107;1;11;15;17;33;3
2108;4;24;35;36;38;26
2109;10;15;23;24;29;19
2110;2;28;29;31;35;18
2111;2;21;31;38;44;4
2112;1;2;15;30;37;1
2113;15;22;25;32;35;22
2114;6;34;35;36;39;13
2115;22;23;28;32;39;14
2116;3;5;18;33;35;1
2117;1;16;24;41;42;12
2118;3;19;23;36;39;8
2119;12;19;27;43;44;20
2120;4;9;11;15;25;18
2121;19;20;28;32;47;27
2122;2;33;36;39;46;7
2123;6;10;11;15;21;27
2124;2;8;16;23;42;7
2125;1;18;24;25;37;4
2126;24;34;37;39;40;12
2127;15;18;24;25;45;12
2128;21;27;29;38;40;11
2129;17;18;19;31;33;16
2130;5;14;22;39;47;10
2131;6;13;15;34;41;20
2132;21;30;34;37;39;5
2133;7;23;24;30;45;5
2134;2;10;20;26;46;16
2135;9;12;21;33;42;17
2136;8;11;13;15;19;27
2137;4;14;16;40;42;23
2138;15;21;30;37;39;20
2139;7;13;27;31;41;19
2140;19;27;31;44;47;22
2141;3;5;11;26;43;5
2142;9;17;18;25;34;22
2143;2;4;29;32;47;26
2144;7;16;18;20;35;19
2145;8;11;18;37;46;15
2146;8;9;13;22;24;26
2147;5;9;10;20;25;5
2148;12;13;14;16;31;15
2149;15;33;38;44;45;4
2150;14;31;39;45;47;27
2151;1;14;21;35;36;7
2152;7;20;26;31;47;10
2153;3;30;36;38;43;26
2154;8;12;21;31;39;25
2155;14;23;33;38;40;27
2156;6;15;18;24;35;21
2157;2;9;16;25;36;11
2158;5;10;13;33;34;22
2159;17;18;26;31;38;19
2160;16;21;26;39;42;14
2161;2;3;7;14;38;20
2162;14;27;30;44;46;3
2163;2;6;16;33;35;5
2164;12;26;27;28;29;24
2165;5;14;22;24;30;25
2166;3;15;18;40;41;4
2167;14;36;37;41;45;26
2168;1;10;23;41;43;8
2169;9;15;34;39;40;10
2170;7;18;22;30;43;5
2171;21;25;28;34;42;10
2172;2;23;29;32;42;20
2173;10;18;28;40;47;22
2174;10;11;16;35;43;9
2175;2;20;30;31;46;27
2176;23;30;34;39;41;1
2177;2;19;23;45;46;16
2178;22;25;33;41;45;9
2179;2;6;17;41;45;1
2180;2;25;33;35;41;10
2181;15;22;23;40;42;15
2182;17;22;35;36;47;25
2183;4;10;20;34;47;19
2184;14;17;18;19;41;26
2185;10;16;19;21;39;15
2186;4;11;22;29;31;12
2187;14;15;23;31;40;7
2188;4;5;16;43;47;20
2189;8;9;10;28;35;9
2190;1;11;18;19;34;13
2191;5;7;21;29;43;22
2192;2;6;7;24;31;3
2193;5;17;23;42;43;19
2194;15;19;20;34;40;17
2195;5;13;14;27;37;9
2196;3;5;6;19;25;20
2197;6;21;22;34;38;14
2198;4;12;17;20;31;20
2199;13;14;34;35;40;16
2200;8;10;22;33;44;10
2201;17;26;35;42;45;4
2202;11;20;24;25;33;23
2203;7;19;29;37;43;22
2204;13;24;35;41;46;5
2205;1;13;20;30;44;20
2206;2;4;19;31;42;12
2207;3;4;10;28;39;26
2208;6;8;11;25;29;4
2209;7;22;25;33;44;3
2210;4;23;29;33;44;5
2211;14;30;31;39;42;15
2212;7;9;26;28;37;18
2213;11;20;27;30;44;13
2214;10;29;30;33;41;18
2215;5;17;30;41;44;14
2216;10;14;17;29;41;26
2217;20;21;33;40;44;2
2218;7;22;27;28;32;20
2219;2;13;41;44;46;26
2220;19;20;28;32;47;22
2221;10;12;19;22;35;16
2222;10;29;33;40;41;19
2223;2;6;9;33;36;20
2224;7;9;14;28;41;11
2225;3;11;12;25;29;21
2226;1;3;6;12;47;22
2227;6;11;17;38;41;25
2228;9;11;14;24;39;17
2229;8;12;23;32;39;25
2230;6;16;25;26;36;19
2231;3;8;10;30;37;13
2232;13;22;29;43;47;4
2233;10;18;20;36;42;25
2234;2;4;13;20;41;22
2235;5;7;11;20;22;11
2236;6;7;34;35;47;23
2237;7;25;27;32;36;12
2238;6;13;19;21;41;16
2239;19;26;27;40;47;21
2240;12;23;33;37;44;5
2241;1;6;20;40;41;18
2242;4;7;21;31;32;26
2243;5;13;15;20;36;24
2244;8;15;25;33;42;23
2245;6;13;17;18;25;9
2246;25;30;33;37;38;1
2247;7;10;23;24;40;26
2248;9;11;27;36;39;10
2249;13;15;26;27;36;10
2250;3;24;25;43;45;20
2251;3;20;28;29;41;14
2252;3;11;28;30;38;12
2253;10;26;31;32;40;23
2254;7;16;35;40;47;24
2255;2;22;37;42;45;19
2256;8;18;27;29;39;23
2257;13;17;18;20;46;6
2258;1;12;17;20;21;25
2259;6;7;37;41;47;13
2260;4;6;21;32;36;3
2261;14;15;19;25;34;8
2262;15;26;29;37;45;22
2263;30;33;38;46;47;11
2264;20;22;25;32;45;12
2265;20;34;41;42;46;26
2266;10;15;16;46;47;22
2267;7;10;23;26;40;26
2268;14;19;22;32;38;1
2269;3;13;29;40;42;9
2270;5;14;37;44;47;25
2271;17;30;35;40;41;2
2272;25;29;30;31;38;25
2273;1;19;39;44;45;8
2274;8;17;20;26;38;19
2275;6;15;21;29;37;10
2276;5;22;25;29;35;7
2277;8;13;21;26;41;20
2278;4;34;35;38;43;17
2279;4;23;33;35;45;14
2280;14;23;24;25;44;18
2281;4;11;15;23;34;26
2282;15;26;29;40;42;25
2283;1;6;10;23;40;18
2284;25;27;30;32;38;2
2285;1;13;19;23;25;12
2286;8;16;21;28;29;1
2287;5;6;12;24;44;12
2288;17;34;39;40;46;4
2289;8;15;34;38;47;2
2290;22;31;36;43;45;16
2291;26;37;38;44;45;9
2292;7;28;34;38;45;6
2293;3;7;23;31;36;16
2294;12;14;27;29;30;27
2295;4;7;17;31;33;1
2296;8;18;21;41;46;24
2297;12;18;19;21;30;4
2298;2;4;12;34;46;16
2299;7;18;34;35;43;25
2300;13;18;29;35;41;19
2301;5;6;20;36;44;18
2302;6;26;36;40;46;19
2303;2;5;8;21;32;20
2304;1;20;29;34;38;27
2305;23;24;26;28;29;11
2306;6;7;26;42;43;1
2307;11;15;26;32;42;18
2308;5;19;27;36;42;27
2309;2;6;27;35;36;1
2310;7;15;23;38;39;21
2311;5;7;8;14;35;26
2312;22;23;31;39;47;3
2313;3;12;18;36;43;15
2314;12;29;31;37;47;3
2315;9;11;20;30;36;11
2316;6;11;29;31;44;1
2317;16;21;24;30;44;6
2318;16;23;35;40;41;12
2319;3;13;18;23;37;25
2320;7;15;25;27;42;24
2321;10;15;17;37;38;17
2322;1;6;11;17;33;13
2323;3;8;18;22;31;2
2324;12;18;21;24;28;26
2325;1;3;6;25;41;10
2326;10;23;24;34;40;20
2327;26;31;32;43;45;18
2328;4;12;20;36;47;13
2329;8;12;19;25;39;17
2330;6;13;18;26;39;24
2331;22;23;27;28;41;17
2332;23;31;40;44;46;10
2333;5;8;29;36;47;23
2334;7;9;25;29;47;24
2335;20;25;29;35;41;25
2336;5;6;16;26;32;22
2337;6;7;18;36;42;23
2338;6;13;14;36;37;12
2339;9;13;27;41;42;27
2340;2;5;17;25;33;18
2341;2;27;37;41;47;26
2342;5;24;30;41;47;15
2343;5;17;18;22;28;10
2344;6;17;33;44;46;18
2345;1;4;22;41;42;13
2346;7;13;34;39;47;3
2347;4;18;20;23;39;14
2348;13;25;29;45;46;5
2349;1;8;18;26;44;4
2350;2;6;11;16;43;12
2351;12;13;26;30;38;24
2352;3;6;8;36;47;13
2353;22;30;33;43;47;25
2354;1;10;11;26;32;10
2355;19;27;31;33;38;1
2356;6;10;15;18;23;22
2357;1;12;29;38;39;19
2358;6;10;34;39;44;1
2359;4;6;15;24;28;27
2360;15;33;37;38;47;16
2361;6;10;12;24;45;10
2362;28;30;34;35;43;2
2363;1;10;13;14;47;20
2364;12;17;26;33;42;20
2365;16;22;31;33;42;19
2366;5;29;30;42;44;20
2367;5;14;27;30;44;17
2368;3;5;6;30;32;17
2369;13;18;19;31;41;12
2370;19;30;37;40;44;6
2371;8;14;18;28;29;2
2372;8;19;20;21;41;3
2373;10;13;14;21;42;15
2374;4;9;19;24;41;9
2375;2;4;17;45;47;1
2376;7;13;29;36;40;22
2377;10;14;23;34;39;25
2378;26;29;33;42;44;22
2379;7;11;15;31;45;3
2380;6;25;35;39;45;23
2381;2;17;40;44;46;11
2382;4;12;14;44;47;18
2383;13;14;29;39;43;26
2384;19;29;36;37;41;20
2385;19;21;26;30;42;25
2386;1;7;11;39;46;11
2387;11;21;23;29;41;9
2388;19;20;21;24;45;13
2389;1;2;14;44;45;25
2390;5;9;14;39;47;27
2391;1;3;16;38;47;21
2392;19;22;33;41;42;17
2393;5;8;33;38;47;25
2394;9;15;20;24;43;2
2395;11;30;34;40;42;1
2396;14;27;35;36;37;5
2397;13;20;25;29;39;21
2398;11;16;29;41;46;11
2399;17;23;36;38;46;18
2400;1;12;18;22;42;18
2401;9;21;23;30;36;10
2402;22;25;31;40;42;16
2403;16;34;37;44;47;22
2404;7;9;17;31;47;16
2405;19;24;34;35;42;23
2406;6;15;25;27;39;17
2407;1;9;15;16;29;9
2408;3;5;24;25;41;7
2409;10;30;31;34;42;2
2410;4;18;19;43;47;5
2411;4;7;10;25;32;22
2412;3;9;12;13;38;26
2413;4;8;32;34;43;14
2414;9;12;22;30;46;24
2415;1;7;14;17;20;27
2416;13;17;29;34;38;4
2417;7;8;11;15;31;27
2418;4;11;28;34;42;26
2419;4;6;8;36;41;17
2420;3;22;24;32;35;7
2421;17;21;26;37;42;11
2422;10;22;35;40;47;26
2423;13;23;33;34;38;4
2424;5;9;14;26;29;25
2425;2;9;10;39;46;19
2426;9;13;25;29;32;9
2427;2;6;9;10;21;24
2428;13;21;23;26;33;11
2429;9;10;15;27;47;6
2430;12;16;18;20;24;7
2431;1;15;17;43;45;23
2432;9;13;15;18;25;12
2433;19;25;26;27;33;9
2434;6;13;37;43;47;15
2435;5;9;24;27;37;8
2436;8;9;36;38;45;17
2437;13;17;20;23;26;15
2438;8;12;24;36;40;12
2439;18;21;28;43;47;9
2440;13;16;21;23;31;15
2441;6;21;22;30;38;26
2442;11;20;36;39;41;3
2443;5;16;24;32;33;3
2444;12;15;21;30;45;23
2445;1;8;17;32;38;10
2446;2;10;31;35;45;24
2447;4;6;22;26;43;14
2448;10;11;27;42;45;9
2449;11;17;27;34;44;1
2450;2;13;36;41;44;20
2451;27;33;35;45;46;26
2452;20;24;25;32;34;11
2453;3;4;7;29;39;21
2454;8;11;17;31;35;7
2455;1;10;23;25;47;9
2456;8;9;19;30;33;1
2457;11;24;27;36;43;9
2458;3;13;15;16;25;11
2459;3;8;13;15;36;22
2460;9;25;30;31;46;7
2461;6;9;18;23;37;27
2462;10;15;27;44;45;15
2463;10;27;38;39;46;10
2464;4;10;30;31;41;21
2465;6;12;36;41;46;22
2466;11;30;35;46;47;15
2467;15;22;41;43;44;14
2468;7;17;18;24;37;5
2469;19;23;24;33;35;23
2470;8;28;32;37;44;24
2471;3;9;12;20;38;17
2472;3;4;22;32;44;8
2473;6;8;14;23;26;4
2474;10;11;12;25;33;21
2475;3;18;21;22;42;15
2476;1;20;25;41;42;25
2477;7;33;37;43;46;10
2478;5;9;19;32;34;14
2479;12;26;31;38;41;23
2480;8;10;13;19;38;22
2481;11;21;26;27;44;21
2482;15;28;29;41;45;17
2483;6;7;16;27;39;3
2484;2;19;24;35;45;12
2485;11;18;21;27;47;13
2486;20;25;41;43;45;3
2487;4;20;21;24;47;6
2488;7;9;12;34;44;2
2489;6;7;8;17;41;7
2490;11;30;31;33;42;8
2491;2;8;16;21;23;19
2492;6;7;12;19;30;10
2493;9;13;15;22;35;19
2494;9;21;23;41;47;8
2495;12;33;34;36;45;8
2496;15;21;22;33;45;15
2497;23;34;42;43;47;21
2498;11;25;26;33;45;13
2499;13;22;25;33;35;16
2500;1;27;28;32;45;1
2501;9;18;31;33;42;8
2502;11;18;19;29;40;18
2503;18;20;22;26;41;19
2504;5;10;30;35;43;1
2505;6;16;17;26;44;5
2506;15;25;30;42;46;21
2507;13;22;27;29;42;25
2508;7;21;25;26;35;3
2509;6;13;24;27;31;8
2510;13;16;26;33;41;22
2511;4;12;22;33;39;7
2512;4;18;24;33;35;15
2513;6;8;15;19;45;25
2514;4;15;25;26;46;20
2515;4;27;31;34;39;8
2516;2;11;17;31;47;12
2517;6;15;30;34;39;6
2518;3;11;16;26;38;6
2519;2;9;36;43;46;3
2520;6;7;16;32;35;20
2521;1;10;15;24;45;24
2522;20;28;33;41;43;24
2523;1;3;14;24;41;11
2524;1;24;27;34;36;17
2525;6;19;20;21;27;23
2526;4;20;36;45;47;20
2527;1;16;24;27;28;19
2528;9;16;27;34;45;21
2529;2;5;15;28;43;11
2530;4;6;15;35;41;19
2531;5;7;11;18;33;25
2532;4;5;21;23;27;23
2533;3;13;21;25;36;1
2534;9;10;28;29;33;26
2535;13;18;19;23;25;20
2536;1;6;13;45;47;16
2537;4;6;15;16;42;16
2538;10;14;29;38;47;8
2539;1;19;21;25;46;23
2540;12;20;30;38;40;7
2541;2;16;19;31;40;10
2542;7;9;17;28;42;7
2543;14;17;20;34;44;18
2544;6;16;31;42;45;6
2545;12;24;32;34;35;23
2546;6;7;17;21;25;8
2547;2;22;27;31;32;11
2548;13;30;39;42;47;5
2549;7;15;34;41;42;8
2550;7;11;15;20;34;2
2551;9;15;18;32;36;27
2552;7;12;14;16;37;14
2553;4;26;31;35;45;4
2554;2;8;14;29;43;24
2555;6;13;24;29;44;3
2556;3;5;13;15;21;9
2557;15;25;29;30;37;26
2558;27;32;35;45;46;21
2559;2;28;35;44;47;21
2560;2;18;25;32;46;15
2561;13;29;33;37;40;9
2562;21;27;34;39;45;22
2563;15;20;25;40;41;20
2564;5;7;39;46;47;6
2565;2;7;22;27;32;12
2566;3;8;10;16;22;11
2567;2;17;33;35;41;9
2568;21;22;25;28;43;12
2569;22;23;26;38;42;3
2570;4;18;21;33;39;7
2571;6;13;30;31;45;2
2572;15;16;28;33;38;23
2573;4;6;22;32;45;8
2574;1;12;19;29;34;12
2575;1;2;34;37;42;9
2576;7;15;31;32;47;24
2577;7;27;33;42;44;24
2578;17;23;29;37;46;17
2579;8;21;38;43;44;24
2580;12;15;37;42;43;8
2581;12;22;28;31;42;2
2582;1;16;27;33;46;25
2583;15;30;34;41;45;20
2584;2;5;16;31;35;14
2585;2;5;11;12;30;24
2586;4;8;25;29;38;13
2587;2;13;25;32;45;23
2588;16;18;23;40;46;4
2589;1;30;33;43;46;9
2590;10;15;33;34;37;8
2591;2;13;19;39;46;26
2592;8;12;25;33;45;5
2593;11;24;26;36;38;13
2594;1;2;18;34;43;27
2595;3;5;16;25;37;16
2596;1;19;32;41;42;11
2597;1;34;37;39;41;10
2598;2;8;12;15;22;12
2599;11;13;17;24;47;10
2600;2;4;6;7;18;8
2601;11;18;21;30;34;6
2602;14;24;28;35;40;19
2603;28;32;33;34;45;21
2604;2;13;20;25;37;15
2605;8;21;31;40;42;2
2606;8;19;24;26;36;25
2607;17;23;34;41;43;11
2608;2;12;15;25;47;13
2609;7;21;26;28;30;10
2610;9;16;25;45;47;5
2611;13;15;17;29;41;10
2612;1;3;19;36;45;8
2613;5;7;8;10;29;16
2614;9;20;30;37;41;5
2615;12;15;19;20;28;21
2616;7;12;20;21;40;11
2617;6;11;18;32;43;26
2618;25;28;29;37;42;18
2619;2;21;31;43;47;27
2620;10;24;26;30;35;6
2621;9;15;17;24;35;18
2622;4;13;15;26;46;2
2623;7;19;26;30;34;13
2624;11;17;40;44;45;23
2625;7;14;23;26;31;5
2626;1;15;20;30;40;13
2627;4;18;21;23;42;26
2628;2;18;22;28;40;10
2629;1;4;11;13;44;16
2630;5;36;37;42;43;24
2631;4;7;9;16;25;17
2632;2;3;10;22;25;7
2633;4;19;38;42;44;19
2634;4;22;23;32;39;23
2635;1;8;22;33;37;7
2636;7;27;41;42;46;1
2637;12;21;39;40;43;26
2638;2;6;8;12;19;23
2639;16;18;19;29;38;9
2640;8;19;23;24;30;23
2641;3;8;17;20;44;23
2642;14;19;22;36;40;3
2643;2;11;36;40;45;13
2644;5;18;28;43;44;24
2645;6;22;31;36;43;18
2646;6;19;39;40;43;24
2647;2;18;23;24;39;5
2648;4;18;19;42;43;25
2649;4;11;22;34;40;9
2650;4;7;11;15;38;4
2651;19;26;32;34;42;1
2652;14;17;31;42;47;13
2653;5;10;12;20;29;25
2654;4;6;22;29;47;27
2655;7;8;14;23;41;13
2656;1;6;7;19;36;16
2657;5;11;28;34;39;15
2658;4;7;13;28;34;4
2659;13;18;31;38;44;25
2660;3;4;27;30;39;3
2661;8;12;13;29;36;10
2662;3;9;15;17;31;25
2663;21;35;40;44;47;11
2664;4;5;25;43;45;25
2665;4;19;25;40;42;3
2666;20;22;26;27;43;16
2667;20;26;36;41;42;16
2668;5;14;36;38;47;18
2669;9;16;29;31;40;20
2670;11;14;20;36;39;11
2671;13;25;29;40;46;21
2672;12;14;22;32;46;24
2673;11;15;25;31;32;18
2674;8;9;16;22;26;15
2675;1;2;7;19;47;14
2676;2;11;12;26;42;7
2677;2;9;13;21;46;23
2678;4;17;18;32;46;24
2679;11;15;17;30;37;11
2680;17;24;30;33;45;22
2681;1;36;41;44;47;10
2682;11;15;24;26;28;10
2683;6;9;11;28;45;7
2684;7;12;20;32;39;20
2685;2;9;24;33;37;1
2686;6;9;20;28;33;19
2687;4;6;22;24;29;18
2688;2;14;15;37;43;23
2689;3;8;18;40;45;26
2690;10;11;27;34;39;27
2691;26;30;32;37;45;16
2692;5;10;26;28;43;9
2693;8;16;22;30;33;4
2694;4;10;23;24;44;23
2695;7;22;35;36;37;4
2696;7;12;15;17;37;25
2697;1;8;12;32;41;21
2698;16;32;35;40;47;24
2699;16;17;20;32;36;10
2700;13;14;19;35;45;20
2701;8;14;32;35;37;4
2702;8;28;32;43;44;11
2703;5;6;12;15;39;18
2704;5;10;26;43;44;16
2705;1;2;3;22;34;8
2706;3;11;21;36;47;7
2707;22;23;34;40;42;9
2708;14;23;28;30;35;24
2709;8;11;13;22;26;18
2710;4;11;21;26;46;6
2711;4;10;29;36;44;17
2712;5;22;28;37;43;19
2713;15;21;25;31;44;27
2714;20;21;32;37;41;22
2715;9;18;37;41;42;3
2716;12;14;29;39;41;26
2717;1;3;5;23;29;15
2718;3;15;26;32;39;6
2719;5;25;32;33;46;26
2720;21;32;36;39;40;25
2721;9;14;16;18;19;24
2722;11;13;15;17;26;26
2723;9;27;28;34;47;6
2724;30;31;32;34;39;6
2725;13;17;18;33;46;7
2726;7;12;30;40;47;16
2727;19;24;32;45;47;14
2728;2;11;12;25;32;26
2729;12;36;37;44;47;13
2730;6;9;10;25;45;4
2731;5;8;28;35;39;8
2732;10;23;30;38;43;8
2733;30;38;41;42;43;22
2734;30;33;41;44;47;7
2735;3;5;32;34;36;20
2736;9;23;25;27;34;12
2737;4;20;26;31;36;22
2738;6;26;30;41;44;8
2739;14;35;36;40;47;6
2740;2;18;20;21;45;24
2741;1;2;3;28;38;21
2742;1;2;6;25;40;19
2743;12;17;22;25;37;24
2744;10;13;27;33;34;23
2745;10;22;34;37;47;23
2746;18;20;30;40;42;15
2747;15;17;29;32;41;23
2748;12;32;39;46;47;5
2749;21;29;31;35;45;2
2750;5;7;14;44;46;27
2751;1;7;15;31;43;3
2752;5;8;19;21;37;12
2753;17;29;36;41;43;17
2754;1;15;35;40;45;23
2755;9;25;40;44;47;15
2756;4;18;24;33;47;1
2757;12;19;22;37;45;15
2758;25;28;35;45;47;20
2759;3;5;14;40;46;2
2760;7;15;17;33;35;22
2761;4;7;10;25;41;10
2762;10;15;25;36;46;18
2763;5;14;22;25;26;8
2764;6;22;29;44;46;9
2765;23;30;37;38;45;22
2766;13;22;33;46;47;24
2767;1;32;33;38;43;16
2768;5;7;13;31;43;20
2769;9;19;32;40;47;6
2770;4;21;33;38;41;6
2771;4;16;28;35;45;1
2772;11;25;33;35;41;10
2773;3;12;33;44;47;22
2774;2;15;23;32;39;12
2775;3;4;8;13;43;6
2776;7;14;34;41;46;1
2777;1;9;13;34;46;13
2778;18;19;27;29;45;15
2779;1;3;26;29;37;6
2780;9;17;22;32;47;3
2781;6;7;30;41;43;11
2782;2;11;13;16;22;23
2783;7;24;28;43;46;13
2784;3;17;23;37;47;22
2785;2;18;27;36;37;6
2786;10;12;18;22;31;2
2787;14;16;17;24;33;2
2788;2;32;43;46;47;7
2789;8;23;26;33;40;14
2790;4;23;27;28;33;16
2791;3;9;19;24;42;16
2792;1;10;14;35;47;11
2793;16;17;21;26;37;2
2794;5;9;11;35;43;4
2795;9;21;34;43;46;21
2796;16;23;25;35;47;13
2797;1;7;31;42;44;24
2798;5;7;13;38;43;11
2799;5;9;17;29;33;1
2800;9;14;15;16;44;24
2801;34;39;40;45;47;18
2802;12;14;39;43;45;19
2803;10;19;28;32;39;18
2804;8;21;24;28;38;1
2805;10;15;22;24;31;1
2806;9;22;29;32;39;23
2807;5;7;17;20;23;23
2808;4;10;20;30;35;13
2809;6;32;33;43;44;16
2810;1;16;26;45;46;5
2811;4;23;25;33;42;15
2812;10;20;21;23;36;7
2813;3;9;13;20;28;24
2814;8;30;35;38;41;27
2815;3;8;26;37;46;18
2816;12;20;24;30;42;7
2817;7;8;23;37;42;23
2818;2;13;29;33;41;19
2819;1;5;13;35;46;14
2820;2;12;20;27;38;5
2821;11;16;23;38;39;20
2822;5;30;31;32;46;7
2823;2;18;19;25;36;10
2824;15;16;24;29;35;6
2825;7;14;16;22;28;20
2826;5;9;25;31;46;26
2827;4;6;16;27;39;10
2828;14;20;21;25;31;25
2829;8;12;15;28;33;26
2830;2;4;20;24;27;10
2831;6;12;36;39;44;2
2832;11;13;23;27;29;10
2833;4;14;19;36;41;3
2834;4;8;15;41;44;2
2835;7;11;24;37;47;1
2836;1;3;8;25;40;8
2837;3;15;23;25;38;7
2838;5;16;20;29;42;5
2839;1;31;32;34;47;10
2840;13;16;18;29;39;3
2841;4;15;33;40;45;4
2842;18;27;29;38;42;24
2843;16;34;42;44;46;9
2844;3;11;12;26;27;10
2845;7;20;30;34;45;15
2846;11;15;18;23;28;12
2847;3;5;6;14;34;17
2848;7;15;18;26;39;19
2849;2;9;33;36;37;12
2850;16;22;26;31;36;13
2851;4;11;25;33;40;6
2852;6;16;22;27;32;3
2853;2;29;32;37;38;26
2854;8;13;14;16;33;4
2855;14;18;20;27;46;18
2856;12;13;22;27;28;3
2857;9;11;14;18;36;25
2858;13;23;25;38;43;23
2859;1;2;6;29;33;14
2860;9;15;31;32;46;14
2861;12;18;21;26;41;10
2862;6;23;33;36;41;14
2863;10;12;15;31;46;23
2864;36;37;38;41;47;5
2865;6;7;13;39;46;18
2866;2;7;12;15;38;3
2867;17;23;28;33;42;1
2868;1;3;6;42;47;1
2869;2;6;7;15;37;10
2870;8;12;27;33;35;27
2871;1;14;34;42;44;21
2872;3;5;6;15;18;21
2873;2;8;18;22;33;13
2874;9;12;15;23;40;16
2875;2;20;25;32;33;26
2876;1;18;22;38;44;26
2877;12;13;32;38;41;16
2878;3;12;21;24;42;7
2879;1;15;21;24;26;26
2880;19;21;24;25;32;18
2881;10;20;34;36;47;21
2882;4;7;34;41;43;25
2883;8;29;37;43;47;23
2884;2;4;8;9;18;2
2885;3;10;20;28;32;12
2886;5;30;37;45;47;21
2887;9;19;23;37;47;23
2888;20;30;38;44;45;20
2889;1;3;13;25;39;8
2890;3;7;19;25;42;5
2891;6;7;14;21;26;22
2892;5;7;21;31;33;12
2893;3;6;8;22;38;26
2894;3;7;19;29;32;26
2895;8;15;29;35;45;18
2896;6;14;15;28;44;26
2897;11;19;30;36;38;7
2898;1;5;16;24;30;7
2899;5;14;16;19;36;23
2900;14;19;29;32;42;27
2901;4;15;26;27;39;3
2902;1;15;23;24;30;7
2903;2;10;36;43;46;23
2904;3;19;20;32;36;11
2905;1;2;12;19;45;8
2906;6;20;23;24;29;25
2907;10;26;38;43;46;24
2908;8;9;18;22;31;27
2909;24;28;29;32;44;2
2910;13;18;21;31;38;21
2911;11;29;35;36;39;10
2912;18;33;34;36;45;17
2913;15;23;32;36;39;20
2914;15;19;22;43;46;7
2915;7;28;32;44;47;4
2916;13;17;18;22;37;24
2917;1;3;12;15;26;19
2918;2;21;28;39;45;4
2919;3;5;10;25;47;7
2920;7;9;24;29;41;27
2921;2;6;12;34;46;27
2922;1;4;20;27;36;15
2923;9;20;26;27;47;26
2924;6;13;16;27;42;4
2925;3;5;6;14;38;10
2926;7;22;36;38;45;7
2927;7;11;35;39;42;18
2928;4;10;15;40;47;11
2929;5;24;25;34;47;3
2930;23;31;34;36;45;4
2931;11;14;35;40;43;9
2932;8;24;41;44;47;23
2933;12;18;28;38;43;20
2934;2;5;22;39;42;3
2935;1;4;11;22;29;20
2936;11;12;17;19;46;26
2937;27;33;35;42;43;18
2938;11;25;31;34;47;16
2939;7;17;18;29;40;13
2940;16;22;23;39;42;25
2941;1;39;43;44;47;10
2942;14;15;33;38;41;27
2943;7;20;32;33;37;9
2944;4;12;31;33;34;14
2945;27;29;30;37;44;8
2946;1;5;16;21;35;13
2947;7;14;29;34;37;10
2948;17;19;23;30;43;6
2949;6;25;34;41;45;10
2950;18;23;33;34;39;10
2951;1;11;17;26;44;18
2952;4;22;24;31;43;1
2953;1;3;34;35;36;24
2954;9;19;21;24;45;27
2955;13;15;33;35;36;15
2956;1;3;6;17;28;2
2957;10;15;16;26;29;27
2958;1;16;30;33;46;24
2959;13;29;40;43;44;12
2960;14;21;27;30;45;3
2961;5;23;31;42;45;6
2962;6;9;31;33;42;13
2963;19;28;31;39;47;17
2964;6;20;32;39;43;16
2965;17;23;36;38;40;8
2966;4;22;39;44;47;9
2967;9;15;18;21;22;26
2968;4;10;15;33;46;15
2969;6;8;21;34;35;25
2970;17;21;27;30;47;24
2971;17;25;26;30;44;16
2972;4;15;25;44;45;2
2973;6;13;15;31;32;26
2974;2;12;16;17;43;22
2975;4;11;12;28;41;22
2976;21;28;33;34;37;17
2977;11;13;25;30;43;4
2978;12;14;21;32;36;14
2979;5;13;16;19;27;9
2980;1;12;15;28;45;27
2981;7;9;12;20;34;5
2982;25;32;35;38;44;3
2983;4;10;18;29;38;24
2984;5;10;26;32;42;10
2985;5;9;22;36;44;12
2986;2;17;18;35;42;1
2987;13;21;34;37;41;2
2988;7;15;19;38;47;25
2989;12;20;24;25;39;3
2990;9;16;20;21;31;1
2991;1;24;32;36;42;14
2992;9;30;37;44;46;8
2993;7;11;13;40;47;22
2994;11;12;22;24;42;27
2995;1;2;7;13;23;11
2996;4;17;25;27;31;14
2997;6;9;11;19;47;5
2998;3;4;25;37;47;11
2999;3;4;6;25;26;22
3000;10;21;29;39;43;24
3001;2;9;15;35;37;18
3002;5;12;24;25;36;4
3003;12;13;35;40;45;24
3004;10;11;26;28;47;9
3005;3;14;18;25;38;22
3006;12;14;22;30;32;12
3007;12;29;33;36;43;10
3008;2;31;33;36;38;17
3009;11;14;21;32;47;11
3010;4;20;29;37;45;23
3011;3;8;12;24;30;1
3012;9;13;25;44;45;5
3013;21;26;28;38;44;1
3014;22;24;31;34;36;3
3015;6;11;16;42;43;10
3016;2;8;10;28;47;10
3017;9;10;18;19;42;24
3018;4;5;8;10;21;6
3019;2;17;24;31;41;15
3020;2;16;27;34;36;12
3021;15;19;22;37;46;10
3022;2;17;19;24;33;22
3023;5;23;38;43;47;27
3024;3;12;13;26;33;18
3025;22;24;28;33;39;24
3026;3;5;10;43;47;6
3027;12;14;22;32;45;18
3028;16;18;36;40;42;7
3029;14;22;25;31;46;9
3030;22;29;32;36;43;17
3031;2;14;25;27;35;20
3032;16;26;28;33;39;8
3033;7;26;31;34;43;8
3034;13;16;24;29;38;18
3035;1;8;13;15;39;19
3036;6;14;18;20;38;10
3037;8;24;31;32;43;17
3038;3;4;27;30;40;17
3039;4;19;37;40;42;13
3040;8;12;27;34;44;15
3041;4;6;9;16;47;10
3042;4;10;11;32;33;23
3043;2;22;25;34;36;12
3044;8;11;27;35;45;3
3045;2;14;19;22;32;10
3046;2;10;25;31;40;12
3047;15;21;38;43;46;5
3048;8;13;17;19;39;5
3049;6;12;26;28;33;24
3050;7;23;28;39;45;18
3051;10;25;28;37;39;21
3052;12;23;25;39;40;3
3053;17;21;29;45;46;24
3054;13;18;25;37;43;16
3055;8;13;14;24;27;1
3056;5;24;31;39;43;24
3057;3;6;15;20;34;15
3058;7;23;30;36;44;2
3059;5;7;12;34;42;23
3060;2;3;27;28;30;17
3061;12;18;19;29;32;18
3062;1;29;34;36;46;15
3063;1;23;40;44;46;15
3064;6;18;39;44;47;2
3065;22;31;36;46;47;18
3066;10;18;27;39;41;4
3067;2;9;40;44;46;25
3068;20;25;37;44;45;27
3069;15;17;30;41;46;12
3070;1;3;4;9;42;23
3071;14;20;23;32;39;10
3072;10;29;30;37;44;5
3073;8;25;32;35;45;24
3074;16;20;22;34;41;6
3075;6;36;38;41;46;17
3076;8;12;15;30;35;27
3077;8;18;24;37;43;5
3078;1;3;20;30;39;3
3079;9;13;27;33;40;8
3080;2;17;33;36;43;19
3081;5;11;22;23;31;26
3082;4;5;13;24;43;2
3083;4;9;11;15;21;6
3084;3;7;12;25;42;27
3085;8;19;21;26;33;15
3086;2;4;26;30;37;11
3087;6;7;11;42;47;2
3088;1;20;29;31;37;1
3089;8;26;31;35;47;12
3090;21;35;37;40;44;24
3091;14;28;33;37;43;27
3092;3;11;15;16;32;22
3093;15;25;27;30;34;1
3094;1;16;21;22;39;24
3095;17;21;28;38;47;11
3096;3;13;20;44;47;16
3097;2;10;11;15;38;19
3098;6;13;15;36;45;25
3099;6;10;16;29;31;17
3100;10;24;32;34;40;10
3101;16;21;28;40;41;16
3102;2;18;31;35;39;2
3103;10;13;16;34;41;6
3104;1;3;10;46;47;6
3105;11;15;20;38;47;16
3106;6;32;33;34;44;18
3107;8;15;20;43;44;23
3108;1;9;10;19;26;21
3109;17;25;29;31;37;6
3110;7;14;20;22;46;22
3111;9;13;27;29;33;10
3112;11;15;22;33;35;20
3113;3;8;10;27;31;16
3114;5;15;18;22;41;20
3115;4;11;37;40;45;12
3116;11;24;27;34;40;19
3117;5;9;16;27;41;5
3118;9;18;24;27;41;21
3119;15;28;32;34;47;14
3120;3;11;24;30;46;15
3121;8;20;29;33;42;23
3122;17;34;35;41;46;19
3123;2;11;25;33;37;3
3124;16;17;19;38;47;25
3125;13;31;34;36;44;1
3126;29;33;38;44;46;5
3127;8;26;28;33;42;23
3128;10;13;17;18;20;11
3129;7;10;11;21;35;13
3130;8;10;35;39;47;23
3131;20;33;35;40;41;11
3132;6;12;22;27;36;19
3133;9;14;17;23;29;5
3134;3;10;16;18;19;2
3135;2;28;33;34;38;4
3136;6;13;16;39;44;13
3137;6;19;28;42;45;7
3138;4;14;31;42;43;2
3139;9;22;23;32;37;6
3140;16;24;31;40;44;7
3141;7;16;17;36;38;22
3142;13;16;18;27;32;20
3143;8;20;24;27;34;13
3144;6;10;31;45;47;8
3145;1;14;16;31;44;22
3146;7;8;15;34;45;3
3147;7;8;20;23;36;6
3148;9;25;30;33;41;1
3149;28;34;36;46;47;12
3150;3;4;5;16;20;2
3151;1;16;26;34;35;25
3152;5;24;25;40;47;7
3153;5;20;25;32;46;19
3154;1;12;25;35;38;12
3155;12;21;22;38;44;22
3156;10;29;31;35;45;23
3157;10;19;22;29;42;4
3158;3;4;19;27;45;22
3159;9;14;34;35;36;27
3160;8;24;26;32;44;11
3161;6;7;17;29;46;11
3162;17;24;35;36;38;9
3163;10;15;19;22;27;19
3164;8;14;16;38;39;16
3165;11;36;37;41;47;25
3166;6;9;19;27;38;15
3167;20;28;29;30;31;17
3168;10;27;28;34;41;7
3169;23;31;34;43;47;19
3170;8;14;21;27;47;25
3171;7;8;20;27;35;7
3172;1;4;13;27;45;16
3173;21;22;35;38;47;22
3174;1;3;15;30;41;12
3175;13;25;31;43;47;14
3176;14;15;22;36;46;21
3177;2;12;16;32;44;2
3178;4;5;7;26;33;19
3179;4;36;38;40;46;21
3180;4;6;8;13;46;6
3181;2;8;12;37;44;12
3182;10;21;30;42;46;3
3183;21;24;27;30;39;22
3184;16;18;24;41;47;23
3185;17;32;33;38;43;27
3186;3;6;20;40;41;16
3187;5;10;24;33;35;13
3188;4;18;27;36;47;15
3189;5;29;36;37;44;8
3190;8;12;24;30;37;6
3191;22;26;43;44;47;24
3192;5;8;29;32;41;25
3193;16;17;22;38;41;3
3194;4;16;21;39;47;8
3195;18;20;21;38;45;9
3196;19;34;42;43;46;20
3197;8;27;32;40;42;3
3198;13;17;21;25;46;19
3199;3;7;26;27;33;6
3200;7;18;33;40;42;7
3201;1;2;7;12;24;23
3202;8;19;34;41;45;21
3203;11;14;15;19;39;15
3204;4;17;21;37;44;17
3205;1;7;13;27;29;26
3206;1;4;7;34;40;1
3207;1;8;14;24;41;10
3208;25;27;30;32;37;3
3209;18;24;27;31;35;15
3210;4;15;21;24;39;6
3211;19;36;37;44;46;23
3212;3;24;28;33;40;27
3213;3;8;18;31;36;7
3214;16;22;25;41;44;3
3215;10;25;29;41;43;20
3216;5;8;19;40;45;1
3217;4;6;19;21;32;24
3218;10;29;41;45;46;10
3219;7;15;18;20;24;1
3220;27;32;33;41;42;7
3221;8;15;23;26;46;21
3222;19;27;34;36;39;17
3223;10;25;31;43;45;6
3224;6;15;22;29;38;24
3225;6;7;9;14;25;13
3226;6;24;42;43;45;9
3227;7;10;12;19;37;8
3228;17;19;30;31;42;25
3229;4;9;18;24;32;3
3230;10;11;16;25;35;6
3231;6;14;20;25;42;1
3232;1;9;15;22;43;3
3233;3;4;10;21;42;3
3234;12;27;29;30;47;19
3235;3;12;15;24;36;23
3236;13;16;24;38;39;4
3237;5;9;16;22;28;23
3238;5;14;27;31;39;19
3239;1;9;18;25;32;17
3240;12;14;19;30;34;11
3241;8;18;20;36;45;21
3242;2;9;17;22;37;22
3243;11;25;28;33;44;11
3244;1;15;36;38;43;26
3245;4;7;28;37;41;2
3246;1;9;17;20;25;7
3247;18;22;24;31;43;15
3248;12;22;25;30;37;24
3249;6;34;38;39;44;12
3250;4;25;30;42;47;23
3251;14;17;23;25;46;6
3252;3;11;15;37;44;10
3253;3;16;19;26;37;1
3254;5;11;27;33;47;18
3255;8;38;40;44;47;4
3256;11;13;24;30;42;4
3257;6;15;19;25;28;1
3258;2;6;9;13;23;22
3259;6;16;29;32;34;15
3260;1;22;23;26;36;4
3261;21;32;33;38;44;8
3262;1;10;34;36;39;25
3263;15;16;18;20;39;3
3264;5;12;24;26;37;4
3265;1;3;4;16;39;19
3266;3;4;30;32;44;11
3267;6;16;27;30;40;11
3268;4;8;11;31;33;12
3269;1;4;23;35;44;2
3270;14;19;33;38;46;16
3271;3;21;30;32;46;19
3272;11;23;24;28;46;18
3273;8;10;36;39;47;2
3274;4;5;24;30;38;26
3275;2;11;24;37;46;15
3276;3;13;14;17;38;20
3277;10;23;28;38;39;15
3278;12;14;27;29;37;3
3279;6;8;24;27;38;5
3280;17;25;28;41;47;9
3281;3;14;37;39;41;18
3282;17;20;28;34;39;27
3283;8;13;15;30;41;24
3284;9;22;24;44;45;5
3285;9;21;28;32;36;17
3286;7;11;23;25;37;6
3287;9;16;18;20;32;15
3288;3;14;15;16;26;4
3289;16;21;34;40;46;24
3290;3;23;30;38;40;1
3291;3;11;16;22;23;9
3292;11;19;36;38;45;18
3293;1;2;6;34;44;6
3294;1;8;23;28;38;17
3295;28;36;40;41;47;15
3296;14;23;31;33;39;18
3297;12;25;28;45;47;16
3298;1;3;20;36;37;18
3299;6;25;32;39;44;9
3300;20;23;34;45;46;1
3301;1;10;12;38;43;12
3302;7;15;16;22;44;1
3303;18;21;26;34;43;1
3304;7;9;14;30;32;7
3305;3;6;13;33;42;24
3306;11;17;32;35;45;19
3307;6;11;15;35;42;16
3308;2;21;22;44;45;1
3309;7;9;17;24;35;22
3310;18;24;26;35;40;23
3311;1;11;31;36;47;11
3312;4;6;17;35;42;6
3313;21;29;39;42;47;19
3314;3;8;17;23;46;18
3315;3;28;29;43;44;18
3316;6;18;24;31;42;24
3317;1;22;34;37;44;27
3318;2;10;20;23;32;16
3319;6;22;25;28;34;6
3320;10;16;23;31;34;8
3321;3;14;16;20;46;4
3322;3;34;37;45;47;17
3323;1;4;17;18;38;12
3324;8;22;31;33;47;25
3325;8;26;33;40;46;13
3326;5;14;15;35;45;5
3327;9;18;35;40;46;4
3328;15;21;23;26;34;18
3329;2;11;25;26;32;13
3330;22;27;30;33;46;25
3331;9;10;27;39;43;11
3332;6;14;19;22;39;7
3333;20;29;31;37;44;15
3334;2;21;23;28;45;11
3335;15;21;25;28;41;27
3336;11;24;25;45;47;22
3337;18;22;26;39;42;4
3338;10;21;31;37;47;24
3339;2;9;21;37;42;12
3340;1;23;29;33;42;3
3341;4;16;22;31;42;4
3342;3;6;11;36;45;26
3343;5;23;27;31;46;20
3344;1;3;21;27;30;23
3345;1;17;35;36;45;4
3346;1;2;29;32;35;18
3347;2;3;4;13;47;2
3348;4;5;33;38;43;15
3349;12;17;26;39;44;2
3350;6;8;10;14;34;12
3351;5;22;23;27;38;16
3352;14;22;27;28;36;20
3353;16;34;37;42;43;21
3354;4;10;32;36;43;26
3355;1;3;18;26;41;8
3356;10;13;16;31;32;4
3357;12;16;21;28;41;26
3358;6;9;18;33;38;14
3359;10;16;23;24;34;3
3360;2;19;28;35;38;20
3361;8;16;17;31;44;21
3362;6;8;20;40;42;24
3363;6;17;20;27;37;13
3364;3;30;31;41;44;5
3365;3;4;29;44;47;15
3366;3;22;28;35;46;16
3367;8;9;14;21;45;24
3368;1;13;18;20;30;17
3369;1;6;14;15;45;13
3370;1;17;28;29;43;4
3371;1;2;35;41;45;6
3372;8;10;22;23;27;4
3373;1;8;28;37;41;8
3374;17;18;21;27;32;23
3375;1;12;13;39;47;9
3376;11;24;39;40;45;27
3377;6;38;44;45;47;15
3378;2;13;20;31;34;14
3379;19;25;28;34;39;9
3380;4;6;14;24;45;21
3381;14;16;21;31;39;3
3382;5;8;13;24;39;23
3383;16;22;24;43;45;16
3384;8;18;20;23;43;5
3385;4;6;15;24;46;6
3386;4;10;18;27;30;7
3387;5;7;22;23;27;27
3388;1;31;34;37;39;12
3389;3;7;11;13;26;12
3390;5;13;33;38;39;16
3391;27;29;34;35;45;15
3392;8;27;33;42;47;12
3393;7;9;14;18;38;12
3394;2;8;11;26;33;14
3395;7;18;28;41;44;5
3396;8;17;32;34;45;24
3397;11;16;19;22;28;13
3398;8;11;16;19;23;8
3399;27;34;35;36;40;13
3400;1;9;27;32;45;25
3401;3;12;30;36;41;24
3402;7;12;26;41;44;5
3403;9;12;23;27;43;12
3404;10;22;40;41;43;2
3405;1;7;9;14;25;16
3406;9;15;27;41;43;17
3407;14;19;24;36;47;6
3408;7;32;36;40;47;24
3409;1;14;21;28;39;13
3410;4;8;31;44;45;20
3411;2;3;6;9;11;26
3412;8;9;22;42;43;20
3413;1;4;11;23;36;10
3414;10;15;27;37;40;25
3415;20;21;32;36;37;14
3416;16;21;33;36;39;2
3417;4;9;17;35;40;8
3418;25;29;31;33;42;19
3419;1;16;34;35;47;2
3420;4;9;13;18;34;22
3421;7;21;28;42;44;22
3422;6;7;20;27;42;12
3423;1;14;29;39;41;8
3424;3;4;10;26;30;6
3425;22;26;28;29;36;4
3426;1;14;18;25;35;21
3427;7;12;18;37;42;17
3428;6;24;26;28;32;24
3429;11;13;20;24;35;6
3430;1;6;29;34;37;18
3431;2;7;8;41;46;5
3432;17;32;36;37;44;3
3433;4;11;24;28;41;25
3434;5;20;22;24;32;15
3435;1;4;26;38;46;11
3436;9;19;20;21;33;16
3437;5;10;20;43;44;10
3438;4;16;19;25;28;6
3439;2;14;17;32;47;24
3440;8;9;22;32;39;3
3441;18;22;24;28;44;26
3442;9;18;26;29;30;17
3443;4;8;22;29;44;18
3444;5;7;37;39;46;26
3445;1;12;27;46;47;6
3446;1;4;8;27;29;23
3447;5;8;9;27;37;11
3448;1;18;20;21;26;17
3449;1;10;11;15;30;27
3450;15;20;27;38;40;15
3451;2;9;15;34;46;25
3452;4;7;21;37;43;7
3453;5;8;19;37;39;11
3454;4;19;24;39;45;14
3455;4;10;20;22;23;23
3456;3;9;23;27;35;16
3457;2;24;29;30;37;8
3458;7;27;35;43;45;15
3459;2;5;11;14;44;21
3460;6;13;21;36;38;25
3461;7;17;26;36;42;3
3462;5;21;22;34;39;8
3463;3;11;20;25;46;21
3464;21;25;30;34;42;18
3465;1;20;30;39;47;21
3466;7;13;15;25;30;13
3467;8;11;19;31;42;22
3468;27;32;35;46;47;12
3469;19;22;25;33;42;12
3470;4;6;10;20;41;8
3471;2;25;36;42;47;6
3472;2;12;16;19;31;8
3473;7;25;34;40;44;26
3474;16;30;37;39;43;14
3475;4;8;30;33;40;17
3476;8;10;12;35;39;26
3477;2;16;20;21;34;20
3478;5;6;8;12;42;23
3479;2;4;5;40;47;16
3480;15;20;23;37;41;1
3481;3;11;25;44;47;1
3482;14;18;21;42;45;26
3483;11;13;14;16;39;26
3484;20;24;28;35;37;22
3485;4;5;6;30;45;21
3486;5;10;29;42;46;2
3487;24;27;36;40;46;10
3488;1;18;22;26;27;12
3489;8;22;34;37;39;22
3490;3;8;19;23;32;20
3491;13;18;28;38;42;4
3492;4;5;13;22;23;24
3493;7;12;24;32;34;2
3494;3;12;15;36;43;25
3495;3;23;28;46;47;25
3496;5;32;38;39;43;11
3497;38;41;42;43;45;25
3498;3;7;10;22;41;21
3499;4;13;25;34;46;15
3500;7;19;25;29;42;1
3501;9;10;16;31;46;27
3502;8;20;22;34;35;3
3503;2;7;9;14;46;19
3504;4;7;16;21;34;1
3505;8;28;30;41;42;8
3506;20;26;31;43;45;9
3507;6;7;11;29;38;23
3508;12;13;23;31;36;10
3509;1;2;16;27;32;18
3510;8;12;16;21;41;20
3511;6;7;12;22;35;7
3512;2;14;26;32;38;5
3513;6;8;13;31;38;26
3514;1;13;30;35;40;2
3515;5;8;13;20;39;1
3516;1;13;24;26;39;17
3517;4;6;11;12;17;9
3518;10;15;25;31;33;21
3519;1;12;15;23;33;19
3520;4;6;16;19;32;2
3521;27;30;37;42;46;19
3522;11;19;35;40;46;18
3523;4;29;33;34;44;21
3524;3;4;17;34;39;20
3525;3;17;21;27;35;5
3526;4;13;15;23;31;10
3527;5;8;15;21;37;27
3528;15;25;37;43;45;12
3529;9;10;16;30;46;13
3530;1;6;13;19;45;12
3531;4;15;27;28;34;16
3532;4;16;34;35;45;17
3533;8;10;19;22;41;15
3534;18;22;38;40;42;13
3535;20;26;39;40;46;19
3536;2;5;8;21;45;11
3537;7;34;38;44;47;7
3538;3;8;22;28;34;22
3539;11;18;22;28;37;14
3540;12;18;27;28;34;19
3541;5;6;20;40;42;27
3542;3;7;8;13;21;19
3543;10;13;19;22;46;10
3544;3;23;27;34;37;13
3545;10;11;13;32;38;17
3546;11;12;20;27;45;6
3547;4;26;36;37;42;5
3548;1;7;8;31;38;16
3549;2;7;16;40;42;20
3550;7;8;29;33;47;20
3551;7;10;20;28;33;15
3552;2;7;12;29;44;3
3553;3;12;17;41;42;23
3554;12;14;17;22;24;13
3555;14;18;19;33;37;19
3556;1;6;13;22;31;13
3557;6;11;17;27;39;19
3558;10;12;21;22;28;12
3559;1;17;21;30;43;9
3560;6;18;27;35;36;25
3561;4;16;18;32;44;20
3562;26;38;39;41;44;7
3563;1;6;8;23;42;12
3564;7;9;23;37;42;14
3565;9;23;27;28;41;12
3566;4;7;8;32;45;14
3567;1;14;23;42;44;9
3568;5;10;21;22;36;10
3569;1;6;21;38;39;10
3570;4;7;8;19;36;3
3571;4;9;38;40;41;25
3572;11;19;24;32;44;4
3573;12;13;16;18;25;25
3574;4;9;21;33;40;16
3575;10;12;32;37;39;18
3576;9;11;15;27;30;25
3577;8;15;28;38;39;18
3578;1;39;41;46;47;23
3579;10;11;19;30;36;7
3580;1;5;19;27;40;8
3581;20;24;32;35;39;25
3582;16;18;30;32;38;5
3583;4;14;18;36;43;14
3584;2;9;12;20;39;5
3585;8;12;21;40;47;11
3586;2;13;17;19;21;12
3587;9;22;38;39;45;2
3588;12;22;36;44;47;20
3589;2;6;21;39;47;3
3590;6;17;29;30;45;5
3591;7;10;15;43;45;7
3592;9;11;23;30;43;5
3593;4;5;7;25;38;2
3594;33;38;39;44;47;27
3595;1;5;7;28;45;8
3596;3;5;20;36;45;25
3597;4;6;26;39;41;12
3598;2;15;30;32;35;23
3599;12;13;16;17;22;6
3600;6;22;32;34;46;3
3601;2;30;37;38;43;1
3602;13;21;22;32;43;1
3603;1;14;21;37;40;23
3604;1;35;36;43;44;3
3605;2;12;30;38;46;19
3606;5;20;31;33;45;21
3607;2;25;26;27;32;4
3608;6;14;15;17;37;3
3609;14;15;37;40;47;4
3610;11;17;20;27;34;9
3611;7;15;17;45;46;7
3612;10;15;25;36;42;15
3613;11;13;42;43;44;16
3614;2;27;28;35;45;3
3615;12;14;17;20;21;9
3616;1;11;27;31;36;22
3617;5;6;10;34;44;27
3618;7;11;14;19;46;26
3619;4;6;23;41;46;4
3620;6;7;10;20;25;26
3621;5;8;9;19;39;9
3622;26;33;35;37;42;18
3623;11;16;20;21;26;5
3624;5;8;9;29;43;27
3625;1;29;30;43;47;3
3626;1;5;22;29;42;2
3627;2;9;17;20;25;7
3628;2;13;25;41;42;27
3629;10;33;35;39;47;22
3630;8;25;27;46;47;24
3631;8;25;27;46;47;24
3632;25;36;43;44;46;2
3633;6;7;17;31;44;12
3634;9;10;22;25;34;27
3635;18;21;31;45;47;1
3636;7;10;15;28;34;26
3637;20;35;37;39;44;2
3638;2;10;23;42;44;10
3639;1;8;36;38;40;10
3640;3;12;24;30;36;6
3641;5;10;15;31;32;25
3642;2;4;6;30;41;26
3643;6;14;16;19;38;8
3644;5;7;13;36;44;16
3645;19;34;36;41;42;3
3646;11;14;17;19;43;13
3647;21;28;33;45;46;5
3648;13;17;30;33;37;17
3649;24;25;32;38;41;23
3650;4;6;14;28;35;4
3651;5;10;16;26;43;24
3652;3;5;13;17;41;11
3653;20;24;40;42;44;17
3654;2;7;10;33;37;11
3655;8;10;14;17;40;19
3656;12;13;14;25;35;13
3657;2;29;36;40;47;11
3658;13;19;21;22;39;9
3659;3;11;13;23;34;23
3660;3;15;21;35;46;18
3661;5;9;20;27;42;17
3662;13;20;21;29;46;8
3663;8;34;37;44;45;3
3664;6;25;30;34;36;3
3665;2;10;26;38;45;9
3666;8;13;21;39;47;9
3667;9;38;42;43;47;17
3668;3;9;12;15;42;17
3669;25;26;39;42;43;23
3670;9;13;21;27;45;5
3671;1;32;34;41;42;22
3672;4;11;13;25;26;2
3673;8;13;24;25;33;9
3674;2;10;11;18;39;15
3675;24;33;35;38;42;4
3676;3;27;39;43;44;1
3677;12;19;25;38;46;15
3678;4;11;15;25;42;18
3679;10;13;34;38;41;21
3680;2;17;19;23;39;5
3681;12;19;20;36;42;3
3682;2;14;26;35;43;27
3683;7;16;30;40;44;16
3684;2;10;24;41;47;10
3685;2;8;11;13;21;21
3686;2;11;28;29;33;3
3687;1;10;24;25;43;5
3688;19;26;28;35;39;6
3689;3;11;21;23;45;14
3690;1;12;25;42;45;9
3691;2;9;25;38;41;18
3692;1;7;18;22;38;4
3693;7;10;15;40;44;5
3694;16;17;25;43;45;9
3695;2;16;19;24;42;24
3696;20;24;25;30;35;8
3697;24;25;28;39;44;26
3698;2;13;25;34;43;16
3699;1;7;8;28;42;13
3700;8;9;13;46;47;1
3701;6;14;16;36;46;9
3702;6;12;21;23;36;7
3703;13;16;28;33;45;9
3704;3;22;23;31;44;8
3705;2;8;9;28;43;14
3706;9;11;17;33;36;7
3707;5;22;30;34;43;26
3708;5;10;16;34;35;11
3709;8;12;14;26;37;9
3710;5;8;12;14;16;22
3711;5;8;31;46;47;15
3712;6;12;19;24;28;1
3713;7;9;14;39;43;1
3714;3;15;21;38;42;24
3715;3;6;8;40;44;19
3716;2;5;17;40;46;1
3717;12;16;25;28;45;23
3718;1;24;32;34;44;25
3719;4;13;32;33;42;19
3720;1;8;9;44;47;16
3721;6;18;22;26;34;9
3722;4;11;12;15;45;24
3723;16;26;32;38;43;4
3724;13;18;19;22;38;11
3725;11;14;17;35;41;3
3726;3;4;11;27;39;22
3727;1;3;17;23;42;14
3728;2;30;34;42;43;6
3729;11;23;28;30;43;8
3730;6;9;20;22;42;3
3731;4;16;18;41;45;24
3732;4;6;11;31;46;22
3733;7;16;21;44;46;7
3734;4;10;13;24;40;2
3735;3;7;21;34;40;22
3736;7;16;22;31;42;21
3737;2;17;20;37;41;9
3738;8;29;31;33;36;4
3739;9;20;21;30;36;22
3740;6;15;16;24;35;14
3741;16;21;34;39;40;9
3742;2;12;19;20;34;22
3743;10;11;15;38;47;7
3744;2;3;36;38;45;24
3745;7;29;35;43;47;23
3746;4;15;22;24;32;7
3747;1;9;17;27;44;7
3748;4;9;20;27;34;17
3749;14;15;28;29;43;11
3750;13;16;35;36;38;25
3751;6;9;20;28;30;6
3752;8;10;16;19;36;12
3753;15;20;27;37;41;16
3754;4;12;13;42;47;1
3755;7;9;12;21;39;26
3756;2;9;11;13;46;9
3757;20;26;35;39;46;2
3758;2;4;16;37;39;18
3759;11;20;32;33;43;15
3760;17;30;31;36;46;1
3761;3;9;11;17;18;12
3762;12;22;41;42;43;18
3763;4;7;11;23;46;8
3764;6;16;27;46;47;9
3765;17;20;21;24;44;26
3766;7;17;21;29;42;22
3767;12;13;33;40;43;26
3768;5;11;16;18;39;12
3769;1;11;23;35;37;13
3770;2;3;31;42;45;19
3771;3;7;8;22;40;7
3772;4;17;20;21;36;19
3773;1;17;21;23;30;25
3774;7;19;30;37;43;16
3775;6;14;16;23;27;4
3776;7;9;17;21;28;16
3777;2;14;24;44;47;7
3778;1;14;21;28;43;3
3779;15;26;30;35;41;17
3780;7;12;13;17;41;9
3781;5;9;12;34;46;27
3782;2;9;10;16;20;3
3783;11;12;15;32;40;22
3784;1;25;44;45;46;20
3785;5;9;11;35;43;12
3786;17;23;25;36;38;14
3787;5;10;20;22;32;1
3788;5;7;20;34;39;10
3789;10;12;14;40;47;18
3790;4;24;31;32;46;15
3791;2;16;26;36;39;24
3792;17;19;23;31;33;14
3793;9;22;31;32;33;10
3794;3;13;16;42;44;3
3795;10;14;22;25;40;4
3796;15;21;28;42;43;18
3797;18;20;30;37;44;19
3798;6;10;14;36;44;12
3799;14;15;19;27;40;18
3800;4;17;28;34;38;22
3801;2;3;16;25;41;12
3802;24;25;26;30;43;3
3803;2;11;13;38;46;11
3804;7;18;34;36;47;23
3805;2;11;12;38;46;1
3806;12;27;29;44;45;3
3807;1;21;34;38;43;23
3808;7;10;11;18;39;8
3809;10;18;20;24;29;17
3810;7;8;14;37;41;15
3811;17;30;36;38;39;2
3812;2;10;13;32;38;3
3813;12;16;29;31;44;20
3814;13;23;33;34;37;27
3815;4;14;22;27;28;20
3816;5;14;28;31;40;3
3817;8;10;23;26;45;19
3818;5;6;18;26;44;15
3819;10;12;15;29;44;22
3820;7;20;24;34;35;14
3821;31;37;38;39;43;2
3822;1;4;16;29;41;3
3823;19;27;30;33;37;11
3824;3;8;26;43;44;7
3825;1;3;10;36;41;12
3826;4;18;44;45;47;2
3827;2;4;13;35;39;16
3828;14;19;21;32;47;23
3829;4;9;28;36;41;20
3830;3;6;12;17;29;10
3831;6;7;10;40;44;6
3832;12;13;17;36;40;20
3833;1;3;11;16;27;24
3834;6;14;24;28;40;21
3835;3;10;16;21;29;1
3836;5;13;31;38;47;7
3837;12;22;31;37;39;7
3838;1;2;23;41;44;17
3839;2;7;31;33;46;20
3840;8;11;16;30;40;4
3841;6;19;36;41;44;11
3842;1;6;36;39;47;24
3843;33;35;36;38;40;27
3844;2;12;18;20;44;4
3845;25;34;39;42;45;22
3846;8;19;29;39;40;2
3847;10;14;28;33;47;9
3848;1;3;7;46;47;4
3849;1;10;17;34;45;14
3850;1;2;37;40;42;5
3851;13;20;35;38;39;10
3852;1;7;12;40;41;18
3853;18;21;36;37;45;15
3854;4;7;13;22;46;18
3855;5;8;15;43;46;25
3856;9;12;29;32;38;26
3857;1;12;28;39;46;3
3858;10;12;13;28;30;20
3859;6;8;14;26;42;22
3860;6;16;18;24;26;16
3861;3;5;17;33;44;17
3862;2;25;26;30;32;21
3863;4;16;20;30;33;19
3864;7;13;22;33;38;3
3865;8;28;31;33;46;17
3866;3;4;5;13;29;20
3867;13;14;27;38;45;23
3868;6;7;16;17;37;1
3869;9;22;35;42;43;20
3870;5;12;24;32;43;5
3871;2;3;26;32;33;23
3872;2;10;23;30;34;5
3873;19;30;39;41;42;2
3874;25;27;32;35;37;22
3875;2;6;13;23;32;10
3876;6;8;18;19;33;3
3877;4;19;21;25;37;26
3878;3;10;12;17;21;16
3879;7;18;21;27;34;4
3880;1;7;27;30;40;6
3881;18;25;30;40;44;23
3882;6;8;12;24;31;13
3883;22;23;32;38;41;25
3884;7;36;37;38;43;8
3885;5;16;23;35;46;26
3886;8;10;12;21;25;16
3887;16;22;25;32;39;26
3888;8;11;17;27;31;21
3889;5;9;13;17;30;25
3890;1;18;25;27;31;5
3891;5;14;23;24;29;4
3892;11;13;14;15;46;5
3893;8;11;25;28;47;11
3894;17;22;24;26;27;22
3895;2;12;13;43;47;15
3896;3;4;28;40;44;19
3897;3;19;20;29;34;10
3898;9;21;32;34;42;15
3899;3;6;17;42;45;20
3900;8;12;15;21;32;27
3901;17;22;27;42;43;8
3902;15;20;23;24;46;9
3903;15;27;28;31;47;20
3904;32;37;40;42;43;5
3905;10;30;32;39;42;15
3906;1;29;30;35;37;18
3907;1;7;9;25;37;6
3908;8;13;28;30;47;2
3909;14;19;29;30;47;24
3910;1;8;26;27;35;10
3911;5;9;16;25;46;11
3912;3;7;8;16;32;15
3913;2;6;10;13;16;17
3914;2;8;17;33;47;3
3915;2;28;39;41;42;4
3916;8;15;17;18;19;8
3917;18;25;31;38;39;14
3918;12;29;31;37;46;24
3919;7;13;19;38;46;17
3920;2;8;10;36;46;3
3921;3;13;23;36;41;13
3922;6;11;13;24;39;19
3923;19;30;32;41;44;2
3924;14;15;33;38;39;11
3925;4;18;36;40;44;20
3926;2;11;15;25;43;16
3927;2;24;26;30;41;10
3928;3;7;16;39;40;1
3929;3;5;15;16;42;24
3930;10;13;23;29;37;17
3931;5;21;26;33;42;7
3932;6;7;17;19;44;4
3933;11;19;24;38;41;26
3934;9;10;17;33;45;8
3935;4;5;17;19;47;6
3936;3;6;27;33;37;2
3937;5;20;23;24;36;9
3938;6;14;22;28;35;24
3939;11;12;16;25;35;20
3940;7;18;37;42;43;15
3941;13;33;35;36;38;12
3942;4;26;31;40;41;11
3943;8;14;16;21;28;10
3944;4;7;8;28;33;7
3945;1;3;12;16;30;26
3946;13;20;25;32;35;21
3947;6;21;24;33;37;7
3948;3;12;16;22;43;2
3949;15;20;30;36;46;3
3950;2;6;27;41;47;25
3951;13;20;22;27;35;17
3952;1;9;26;29;47;20
3953;1;4;12;15;28;15
3954;2;22;33;42;44;5
3955;7;8;13;28;33;20
3956;1;18;26;32;44;9
3957;3;13;17;23;35;24
3958;8;9;33;45;46;22
3959;15;21;29;37;45;3
3960;11;13;18;21;44;27
3961;15;22;24;35;38;22
3962;9;24;27;33;40;19
3963;1;13;26;30;33;26
3964;1;3;8;14;19;9
3965;3;11;14;27;37;22
3966;3;4;14;21;46;10
3967;7;21;26;37;44;13
3968;6;8;10;32;34;5
3969;12;19;23;33;41;4
3970;8;24;41;45;46;27
3971;19;27;29;40;45;9
3972;8;31;33;35;42;6
3973;1;2;7;11;37;16
3974;3;19;30;39;46;22
3975;8;23;38;40;41;1
3976;7;10;11;21;32;5
3977;6;19;39;42;46;8
3978;11;17;18;40;44;24
3979;20;22;28;29;45;18
3980;3;4;5;7;35;17
3981;8;12;18;34;45;9
3982;3;14;29;33;47;17
3983;4;12;16;18;34;24
3984;16;24;38;40;45;7
3985;4;12;27;28;42;17
3986;7;8;30;35;39;4
3987;20;29;33;40;41;6
3988;14;19;31;45;47;11
3989;12;13;23;39;42;24
3990;3;16;27;30;33;13
3991;6;9;11;20;30;14
3992;7;13;20;35;44;8
3993;14;18;29;37;44;21
3994;4;7;10;36;46;26
3995;4;6;8;31;46;22
3996;4;18;19;33;43;20
3997;9;10;34;42;45;14
3998;2;10;29;32;37;26
3999;3;8;21;25;34;7
4000;5;12;18;23;41;14
4001;4;9;22;28;36;19
4002;1;13;17;24;45;11
4003;12;15;21;26;36;11
4004;10;12;19;33;36;6
4005;5;20;26;30;47;26
4006;1;5;15;18;33;21
4007;8;18;28;29;35;13
4008;3;9;20;23;38;1
4009;2;5;27;30;43;27
4010;1;14;18;20;32;6
4011;17;19;36;37;39;1
4012;5;11;12;20;39;21
4013;5;16;24;31;46;27
4014;7;19;20;21;23;12
4015;23;26;30;39;42;13
4016;6;9;10;30;40;27
4017;4;12;19;32;46;24
4018;1;3;27;29;39;8
4019;16;26;27;35;43;2
4020;3;13;27;32;39;4
4021;2;18;21;31;39;4
4022;2;4;25;26;43;26
4023;3;17;20;25;37;2
4024;4;8;15;18;20;14
4025;1;9;16;21;37;19
4026;10;13;21;30;42;15
4027;7;8;32;41;45;9
4028;12;26;30;38;42;4
4029;12;18;22;37;40;5
4030;8;9;15;24;43;24
4031;3;16;28;38;43;4
4032;1;2;4;15;44;23
4033;11;15;18;33;35;3
4034;20;21;22;32;43;12
4035;4;11;19;23;24;27
4036;6;10;30;42;43;19
4037;10;19;30;33;42;14
4038;7;16;17;33;35;21
4039;1;3;4;17;40;9
4040;1;13;22;31;37;18
4041;9;14;21;42;43;24
4042;6;9;33;37;40;22
4043;5;10;13;22;33;25
4044;5;35;37;42;46;24
4045;6;16;17;27;42;13
4046;1;4;14;17;32;17
4047;10;13;18;20;40;15
4048;4;13;22;29;39;26
4049;4;18;20;23;39;3
4050;6;14;15;33;37;14
4051;3;6;14;26;38;2
4052;6;24;29;32;41;13
4053;2;15;17;22;38;18
4054;4;19;22;33;43;12
4055;3;5;7;8;46;17
4056;5;13;14;26;42;20
4057;8;9;22;33;44;24
4058;1;19;24;38;46;3
4059;6;40;41;44;45;12
4060;8;11;22;37;46;24
4061;7;8;32;43;47;3
4062;2;22;34;35;44;3
4063;15;17;25;29;45;11
4064;10;15;16;21;33;6
4065;1;26;35;40;46;26
4066;5;23;32;38;41;2
4067;14;21;33;38;45;6
4068;4;31;33;41;43;25
4069;11;20;23;38;44;25
4070;3;6;14;34;43;14
4071;6;10;21;30;38;9
4072;1;21;22;23;39;13
4073;1;5;7;33;45;10
